{
  "project_info": {
    "project_number": "790487768714",
    "project_id": "gem1-cadf0",
    "storage_bucket": "gem1-cadf0.appspot.com"
  },
  "client": [
    {
      "client_info": {
        "mobilesdk_app_id": "1:790487768714:android:c70cbc2358736556b49773",
        "android_client_info": {
          "package_name": "com.example.gem1"
        }
      },
      "oauth_client": [],
      "api_key": [
        {
          "current_key": "AIzaSyAX2c59__2Ovh2h17996cwhh2Z8F1E4yvc"
        }
      ],
      "services": {
        "appinvite_service": {
          "other_platform_oauth_client": []
        }
      }
    }
  ],
  "configuration_version": "1"
}